"1a. Share/Unit acquired (On or before/ after 31st Jan 2018)","2. ISIN Code","3. Name of the Share/Unit","4. No. of Shares/Units","5. Sale-price per Share/Unit","6. Full Value of Consideration If shares/units are acquired on or before 31st January, 2018 (Total Sale Value) (4*5) or  If  shares/units are acquired after 31st January, 2018 - Please enter Full Value of Consideration","7. Cost of acquisition without indexation (higher of 8 or 9 )","8. Cost of acquisition","9. If the long term capital asset was acquired before 01.02.2018, Lower of 6 & 11","10. Fair Market Value per share/unit as on 31st January,2018","11. Total Fair Market Value as on 31st January, 2018 of capital asset as per section 55(2)(ac)- (4*10)","12. Expenditure wholly and exclusively in connection with transfer","13. Total deductions (7+12)","14. Balance (6 − 13) -Item 4 (a) of LTCG Schedule of ITR3"
"After 31st January, 2018","","NTPCGREEN","110","95.3","10483.02","16058.9","16058.9","0","0","0","0","16058.9","-5575.88"
"After 31st January, 2018","","JNKINDIA","30","226.15","6784.5","20155.2","20155.2","0","0","0","0","20155.2","-13370.7"
"After 31st January, 2018","","GANECOS","4","1105.4","4421.6","8350.05","8350.05","0","0","0","0","8350.05","-3928.45"
"After 31st January, 2018","","SUZLON","31","41.89","1298.59","2128.27","2128.27","0","0","0","0","2128.27","-829.68"
"After 31st January, 2018","","VALIANTORG","20","497.27","9945.35","9074.3","9074.3","0","0","0","0","9074.3","871.05"
"After 31st January, 2018","","BSOFT","41","363.95","14921.95","30683.9","30683.9","0","0","0","0","30683.9","-15761.95"
"After 31st January, 2018","","KPIL","7","1109.57","7767.0","8852.15","8852.15","0","0","0","0","8852.15","-1085.15"
"After 31st January, 2018","","VAIBHAVGBL","27","190.2","5135.4","10894.05","10894.05","0","0","0","0","10894.05","-5758.65"
"After 31st January, 2018","","ITC","50","293.6","14680.0","21231.13","21231.13","0","0","0","0","21231.13","-6551.13"
"After 31st January, 2018","","RECLTD","20","324.05","6481.0","11273.35","11273.35","0","0","0","0","11273.35","-4792.35"
"After 31st January, 2018","","AVG","14","153.26","2145.64","7321.5","7321.5","0","0","0","0","7321.5","-5175.86"
"After 31st January, 2018","","FIEMIND","2","1953.5","3907.0","3181.15","3181.15","0","0","0","0","3181.15","725.85"
"After 31st January, 2018","","GENUSPOWER","31","268.75","8331.2","12501.4","12501.4","0","0","0","0","12501.4","-4170.2"
"After 31st January, 2018","","DBREALTY","50","237.0","11850.0","11735.0","11735.0","0","0","0","0","11735.0","115.0"
"After 31st January, 2018","","NATCOPHARM","12","968.68","11624.2","17831.95","17831.95","0","0","0","0","17831.95","-6207.75"
"After 31st January, 2018","","PATELENG","101","24.12","2436.12","5805.2","5805.2","0","0","0","0","5805.2","-3369.08"
"After 31st January, 2018","","ITCHL","5","146.2","731.0","3316.37","3316.37","0","0","0","0","3316.37","-2585.37"
"After 31st January, 2018","","VBL","30","394.35","11830.5","18148.5","18148.5","0","0","0","0","18148.5","-6318.0"
"After 31st January, 2018","","IREDA","50","117.1","5855.0","12850.0","12850.0","0","0","0","0","12850.0","-6995.0"
"After 31st January, 2018","","PRAJIND","5","323.33","1616.65","3877.9","3877.9","0","0","0","0","3877.9","-2261.25"
"After 31st January, 2018","INE427F01016","CHALET HOTELS LIMITED","1","888.0","888.0","268.74","268.74","0","0","0","0","268.74","619.26"
"After 31st January, 2018","INE427F01016","CHALET HOTELS LIMITED","1","888.0","888.0","258.75","258.75","0","0","0","0","258.75","629.25"
"After 31st January, 2018","INE427F01016","CHALET HOTELS LIMITED","1","888.0","888.0","333.45","333.45","0","0","0","0","333.45","554.55"
"After 31st January, 2018","INE427F01016","CHALET HOTELS LIMITED","1","755.06","755.06","351.75","351.75","0","0","0","0","351.75","403.31"
"After 31st January, 2018","INE427F01016","CHALET HOTELS LIMITED","2","755.06","1510.12","663.0","663.0","0","0","0","0","663.0","847.12"
"After 31st January, 2018","INE263A01024","BHARAT ELECTRONICS LTD","4","402.3","1609.2","380.2","380.2","0","0","0","0","380.2","1229.0"
"After 31st January, 2018","INE263A01024","BHARAT ELECTRONICS LTD","2","402.3","804.6","193.9","193.9","0","0","0","0","193.9","610.7"
"After 31st January, 2018","INE263A01024","BHARAT ELECTRONICS LTD","2","402.3","804.6","185.1","185.1","0","0","0","0","185.1","619.5"
"After 31st January, 2018","INE427F01016","CHALET HOTELS LIMITED","1","755.06","755.06","415.55","415.55","0","0","0","0","415.55","339.51"
"After 31st January, 2018","INE263A01024","BHARAT ELECTRONICS LTD","1","402.3","402.3","126.45","126.45","0","0","0","0","126.45","275.85"
"After 31st January, 2018","INE263A01024","BHARAT ELECTRONICS LTD","4","395.9","1583.6","505.8","505.8","0","0","0","0","505.8","1077.8"
"After 31st January, 2018","INE811K01011","PRESTIGE ESTATE LTD","2","1695.0","3390.0","1116.0","1116.0","0","0","0","0","1116.0","2274.0"
"After 31st January, 2018","INE811K01011","PRESTIGE ESTATE LTD","2","1672.7","3345.4","1116.0","1116.0","0","0","0","0","1116.0","2229.4"
"After 31st January, 2018","INE811K01011","PRESTIGE ESTATE LTD","1","1803.0","1803.0","558.0","558.0","0","0","0","0","558.0","1245.0"
"After 31st January, 2018","INE134E01011","POWER FIN CORP LTD.","9","396.7","3570.3","0.0","0.0","0","0","0","0","0.0","3570.3"
"After 31st January, 2018","INE263A01024","BHARAT ELECTRONICS LTD","7","395.9","2771.3","942.55","942.55","0","0","0","0","942.55","1828.75"
"After 31st January, 2018","INE134E01011","POWER FIN CORP LTD.","1","396.7","396.7","237.3","237.3","0","0","0","0","237.3","159.4"
"After 31st January, 2018","INE263A01024","BHARAT ELECTRONICS LTD","4","395.9","1583.6","523.8","523.8","0","0","0","0","523.8","1059.8"
"After 31st January, 2018","INE263A01024","BHARAT ELECTRONICS LTD","2","398.4","796.8","261.9","261.9","0","0","0","0","261.9","534.9"
"After 31st January, 2018","INE257A01026","BHEL","12","245.2","2942.4","2130.6","2130.6","0","0","0","0","2130.6","811.8"
"After 31st January, 2018","INE257A01026","BHEL","5","254.15","1270.75","887.75","887.75","0","0","0","0","887.75","383.0"
"After 31st January, 2018","INE257A01026","BHEL","7","297.15","2080.05","1242.85","1242.85","0","0","0","0","1242.85","837.2"
"After 31st January, 2018","INE095N01031","NBCC (INDIA) LIMITED","4","118.06","472.24","302.0","302.0","0","0","0","0","302.0","170.24"
"After 31st January, 2018","INE095N01031","NBCC (INDIA) LIMITED","11","118.03","1298.33","830.5","830.5","0","0","0","0","830.5","467.83"
"After 31st January, 2018","INE095N01031","NBCC (INDIA) LIMITED","11","118.03","1298.33","944.9","944.9","0","0","0","0","944.9","353.43"
"After 31st January, 2018","INE340A01012","BIRLA CORPORATION LTD","1","1289.9","1289.9","1385.2","1385.2","0","0","0","0","1385.2","-95.3"
"After 31st January, 2018","INE340A01012","BIRLA CORPORATION LTD","1","1289.9","1289.9","1409.55","1409.55","0","0","0","0","1409.55","-119.65"
"After 31st January, 2018","INE140A01024","PIRAMAL ENTERPRISES LTD","1","1097.4","1097.4","892.15","892.15","0","0","0","0","892.15","205.25"
"After 31st January, 2018","INE726V01018","PRICOL LIMITED","2","434.05","868.1","840.0","840.0","0","0","0","0","840.0","28.1"
"After 31st January, 2018","INE062A01020","STATE BANK OF INDIA","2","784.8","1569.6","1537.6","1537.6","0","0","0","0","1537.6","32.0"
"After 31st January, 2018","INE982J01020","ONE 97 COMMUNICATIONS LTD","2","871.47","1742.94","778.4","778.4","0","0","0","0","778.4","964.54"
"After 31st January, 2018","INE982J01020","ONE 97 COMMUNICATIONS LTD","3","1006.5","3019.5","1167.6","1167.6","0","0","0","0","1167.6","1851.9"
"After 31st January, 2018","INE062A01020","STATE BANK OF INDIA","7","823.05","5761.35","5381.6","5381.6","0","0","0","0","5381.6","379.75"
"After 31st January, 2018","INE726V01018","PRICOL LIMITED","3","672.1","2016.3","1260.0","1260.0","0","0","0","0","1260.0","756.3"
"After 31st January, 2018","INE134E01011","POWER FIN CORP LTD.","4","396.7","1586.8","1612.4","1612.4","0","0","0","0","1612.4","-25.6"
"After 31st January, 2018","INE095N01031","NBCC (INDIA) LIMITED","15","118.03","1770.45","2008.5","2008.5","0","0","0","0","2008.5","-238.05"
"After 31st January, 2018","INE140A01024","PIRAMAL ENTERPRISES LTD","1","1097.4","1097.4","879.0","879.0","0","0","0","0","879.0","218.4"
"After 31st January, 2018","INE752E01010","POWER GRID CORP. LTD.","7","285.85","2000.95","2032.1","2032.1","0","0","0","0","2032.1","-31.15"
"After 31st January, 2018","INE752E01010","POWER GRID CORP. LTD.","4","270.3","1081.2","1161.2","1161.2","0","0","0","0","1161.2","-80.0"
"After 31st January, 2018","INE752E01010","POWER GRID CORP. LTD.","8","293.45","2347.6","2322.4","2322.4","0","0","0","0","2322.4","25.2"
"After 31st January, 2018","INE140A01024","PIRAMAL ENTERPRISES LTD","1","1097.4","1097.4","821.6","821.6","0","0","0","0","821.6","275.8"
"After 31st January, 2018","INE982J01020","ONE 97 COMMUNICATIONS LTD","6","1006.5","6039.0","2083.8","2083.8","0","0","0","0","2083.8","3955.2"
"After 31st January, 2018","INE982J01020","ONE 97 COMMUNICATIONS LTD","1","1006.5","1006.5","357.4","357.4","0","0","0","0","357.4","649.1"
"After 31st January, 2018","INE062A01020","STATE BANK OF INDIA","1","823.05","823.05","773.05","773.05","0","0","0","0","773.05","50.0"
"After 31st January, 2018","INE140A01024","PIRAMAL ENTERPRISES LTD","2","1302.2","2604.4","1536.2","1536.2","0","0","0","0","1536.2","1068.2"
"After 31st January, 2018","INE202B01038","PIRAMAL FINANCE LIMITED","3","1713.6","5140.8","2304.3","2304.3","0","0","0","0","2304.3","2836.5"
"After 31st January, 2018","INE427F01016","CHALET HOTELS LIMITED","3","755.06","2265.18","2228.7","2228.7","0","0","0","0","2228.7","36.48"
"After 31st January, 2018","INE340A01012","BIRLA CORPORATION LTD","3","893.0","2679.0","4191.75","4191.75","0","0","0","0","4191.75","-1512.75"
"After 31st January, 2018","INE883F01010","AADHAR HOUSING FINANCE L","20","515.0","10300.0","8106.0","8106.0","0","0","0","0","8106.0","2194.0"
"After 31st January, 2018","INE018A01030","LARSEN & TOUBRO LTD.","1","3657.5","3657.5","3630.45","3630.45","0","0","0","0","3630.45","27.05"
"After 31st January, 2018","INE263A01024","BHARAT ELECTRONICS LTD","1","401.56","401.56","299.2","299.2","0","0","0","0","299.2","102.36"
"After 31st January, 2018","INE092T01019","IDFC FIRST BANK LIMITED","11","85.98","945.78","796.62","796.62","0","0","0","0","796.62","149.16"
"After 31st January, 2018","INE427F01016","CHALET HOTELS LIMITED","1","755.06","755.06","796.65","796.65","0","0","0","0","796.65","-41.59"
"After 31st January, 2018","INE340A01012","BIRLA CORPORATION LTD","1","893.0","893.0","1327.4","1327.4","0","0","0","0","1327.4","-434.4"
"After 31st January, 2018","INE486A01021","CESC LTD","29","156.07","4526.03","5822.62","5822.62","0","0","0","0","5822.62","-1296.59"
"After 31st January, 2018","INE263A01024","BHARAT ELECTRONICS LTD","2","401.56","803.12","586.3","586.3","0","0","0","0","586.3","216.82"
"After 31st January, 2018","INE340A01012","BIRLA CORPORATION LTD","3","893.0","2679.0","3742.8","3742.8","0","0","0","0","3742.8","-1063.8"
"After 31st January, 2018","INE263A01024","BHARAT ELECTRONICS LTD","2","401.56","803.12","539.7","539.7","0","0","0","0","539.7","263.42"
"After 31st January, 2018","INE062A01020","STATE BANK OF INDIA","1","1176.7","1176.7","859.45","859.45","0","0","0","0","859.45","317.25"
"After 31st January, 2018","INE427F01016","CHALET HOTELS LIMITED","1","755.06","755.06","946.8","946.8","0","0","0","0","946.8","-191.74"
"After 31st January, 2018","INE263A01024","BHARAT ELECTRONICS LTD","2","401.56","803.12","587.7","587.7","0","0","0","0","587.7","215.42"
"After 31st January, 2018","INE427F01016","CHALET HOTELS LIMITED","1","755.06","755.06","717.3","717.3","0","0","0","0","717.3","37.76"
"After 31st January, 2018","INE340A01012","BIRLA CORPORATION LTD","1","893.0","893.0","1008.9","1008.9","0","0","0","0","1008.9","-115.9"
"After 31st January, 2018","INE018A01030","LT","2","3467.3","6934.6","7262.8","7262.8","0","0","0","0","7262.8","-328.2"
"After 31st January, 2018","INE131A01031","GMDCLTD","6","461.05","2766.3","2551.5","2551.5","0","0","0","0","2551.5","214.8"
"After 31st January, 2018","INE131A01031","GMDCLTD","1","461.05","461.05","399.6","399.6","0","0","0","0","399.6","61.45"
"After 31st January, 2018","INE213A01029","ONGC","8","244.4","1955.2","2447.6","2447.6","0","0","0","0","2447.6","-492.4"
"After 31st January, 2018","INE213A01029","ONGC","2","244.4","488.8","536.0","536.0","0","0","0","0","536.0","-47.2"
"After 31st January, 2018","INE885A01032","ARE&M","2","1005.75","2011.5","3266.3","3266.3","0","0","0","0","3266.3","-1254.8"
"After 31st January, 2018","INE885A01032","ARE&M","1","1005.75","1005.75","1607.2","1607.2","0","0","0","0","1607.2","-601.45"
"After 31st January, 2018","INE271C01023","DLF","1","836.65","836.65","836.35","836.35","0","0","0","0","836.35","0.3"
"After 31st January, 2018","INE271C01023","DLF","2","836.65","1673.3","1831.1","1831.1","0","0","0","0","1831.1","-157.8"
"After 31st January, 2018","INE271C01023","DLF","8","836.65","6693.2","7192.0","7192.0","0","0","0","0","7192.0","-498.8"
"After 31st January, 2018","INE271C01023","DLF","2","836.65","1673.3","1677.9","1677.9","0","0","0","0","1677.9","-4.6"
"After 31st January, 2018","INE692A01016","UNIONBANK","16","152.0","2432.0","2248.0","2248.0","0","0","0","0","2248.0","184.0"
"After 31st January, 2018","INE692A01016","UNIONBANK","50","152.0","7600.0","7705.0","7705.0","0","0","0","0","7705.0","-105.0"
"After 31st January, 2018","INE692A01016","UNIONBANK","22","152.0","3344.0","3097.6","3097.6","0","0","0","0","3097.6","246.4"
"After 31st January, 2018","INE114A01011","SAIL","18","130.8","2354.4","3067.2","3067.2","0","0","0","0","3067.2","-712.8"
"After 31st January, 2018","INE114A01011","SAIL","35","134.15","4695.25","5354.3","5354.3","0","0","0","0","5354.3","-659.05"
"After 31st January, 2018","INE483S01020","INFIBEAM","400","16.42","6568.0","15419.2","15419.2","0","0","0","0","15419.2","-8851.2"
"After 31st January, 2018","INE257A01026","BHEL","20","249.55","4991.0","6168.0","6168.0","0","0","0","0","6168.0","-1177.0"
"After 31st January, 2018","INE257A01026","BHEL","3","249.55","748.65","999.6","999.6","0","0","0","0","999.6","-250.95"
"After 31st January, 2018","INE584A01023","NMDC","9","71.78","646.03","2221.56","2221.56","0","0","0","0","2221.56","-1575.53"
"After 31st January, 2018","INE584A01023","NMDC","2","71.78","143.56","493.68","493.68","0","0","0","0","493.68","-350.12"
